{"recorded_at": "2024-08-05T13:05:00", "uvi": 6.85, "sw_gain": 0, "hw_gain": 11, "derived": {"min": 0, "max": 12544, "mean": 685.3333333333334, "mode": 512, "stdev": 1311.378050344353, "variance": 1719712.3909249564}, "raw_readings": [768, 512, 0, 512, 256, 0, 1024, 768, 0, 512, 512, 512, 768, 512, 0, 256, 0, 768, 512, 512, 256, 512, 0, 512, 768, 512, 512, 256, 512, 768, 256, 512, 512, 256, 0, 0, 512, 2560, 1024, 512, 256, 1024, 512, 512, 1024, 512, 256, 512, 512, 512, 512, 256, 512, 512, 256, 512, 512, 512, 256, 512, 768, 512, 512, 512, 512, 768, 512, 768, 256, 768, 512, 512, 512, 256, 512, 768, 512, 512, 768, 256, 512, 256, 768, 1024, 512, 512, 512, 256, 0, 512, 512, 512, 256, 512, 512, 512, 512, 256, 512, 512, 768, 512, 768, 512, 512, 256, 512, 512, 256, 0, 512, 512, 512, 256, 512, 512, 2304, 0, 512, 0, 256, 512, 512, 512, 0, 256, 256, 256, 512, 256, 1280, 0, 512, 512, 512, 768, 512, 512, 768, 512, 0, 512, 2048, 1024, 256, 0, 768, 512, 512, 256, 256, 1280, 512, 512, 256, 0, 6912, 0, 10240, 0, 2304, 1024, 256, 3328, 512, 512, 2816, 0, 4352, 0, 0, 256, 0, 768, 256, 512, 512, 512, 512, 512, 512, 512, 512, 256, 768, 256, 512, 768, 256, 256, 12544, 256], "raw_dump": "AAMAAAACAAAAAAAAAAIAAAABAAAAAAAAAAQAAAADAAAAAAAAAAIAAAACAAAAAgAAAAMAAAACAAAAAAAAAAEAAAAAAAAAAwAAAAIAAAACAAAAAQAAAAIAAAAAAAAAAgAAAAMAAAACAAAAAgAAAAEAAAACAAAAAwAAAAEAAAACAAAAAgAAAAEAAAAAAAAAAAAAAAIAAAAKAAAABAAAAAIAAAABAAAABAAAAAIAAAACAAAABAAAAAIAAAABAAAAAgAAAAIAAAACAAAAAgAAAAEAAAACAAAAAgAAAAEAAAACAAAAAgAAAAIAAAABAAAAAgAAAAMAAAACAAAAAgAAAAIAAAACAAAAAwAAAAIAAAADAAAAAQAAAAMAAAACAAAAAgAAAAIAAAABAAAAAgAAAAMAAAACAAAAAgAAAAMAAAABAAAAAgAAAAEAAAADAAAABAAAAAIAAAACAAAAAgAAAAEAAAAAAAAAAgAAAAIAAAACAAAAAQAAAAIAAAACAAAAAgAAAAIAAAABAAAAAgAAAAIAAAADAAAAAgAAAAMAAAACAAAAAgAAAAEAAAACAAAAAgAAAAEAAAAAAAAAAgAAAAIAAAACAAAAAQAAAAIAAAACAAAACQAAAAAAAAACAAAAAAAAAAEAAAACAAAAAgAAAAIAAAAAAAAAAQAAAAEAAAABAAAAAgAAAAEAAAAFAAAAAAAAAAIAAAACAAAAAgAAAAMAAAACAAAAAgAAAAMAAAACAAAAAAAAAAIAAAAIAAAABAAAAAEAAAAAAAAAAwAAAAIAAAACAAAAAQAAAAEAAAAFAAAAAgAAAAIAAAABAAAAAAAAABsAAAAAAAAAKAAAAAAAAAAJAAAABAAAAAEAAAANAAAAAgAAAAIAAAALAAAAAAAAABEAAAAAAAAAAAAAAAEAAAAAAAAAAwAAAAEAAAACAAAAAgAAAAIAAAACAAAAAgAAAAIAAAACAAAAAgAAAAEAAAADAAAAAQAAAAIAAAADAAAAAQAAAAEAAAAxAAAAAQAA"}