{"recorded_at": "2024-08-05T11:30:00", "uvi": 4.87, "sw_gain": 0, "hw_gain": 11, "derived": {"min": 0, "max": 3840, "mean": 676.2264150943396, "mode": 512, "stdev": 615.2006762492238, "variance": 378471.8720575023}, "raw_readings": [256, 0, 0, 0, 0, 0, 2048, 1792, 0, 0, 0, 512, 1536, 768, 512, 1280, 768, 768, 512, 768, 256, 768, 512, 512, 2304, 1536, 0, 0, 1024, 1280, 1792, 1024, 1280, 768, 0, 1280, 768, 0, 0, 1024, 0, 0, 512, 768, 256, 512, 768, 768, 512, 512, 768, 512, 768, 256, 512, 1024, 512, 3840, 0, 0, 512, 512, 768, 768, 1024, 512, 512, 256, 512, 512, 512, 512, 512, 768, 768, 512, 512, 512, 512, 256, 512, 768, 512, 512, 256, 1024, 768, 768, 256, 0, 768, 256, 1536, 1792, 1536, 1280, 2560, 512, 768, 512, 1280, 256, 0, 0, 1024, 512], "raw_dump": "AAEAAAAAAAAAAAAAAAAAAAAAAAAAAAAAAAgAAAAHAAAAAAAAAAAAAAAAAAAAAgAAAAYAAAADAAAAAgAAAAUAAAADAAAAAwAAAAIAAAADAAAAAQAAAAMAAAACAAAAAgAAAAkAAAAGAAAAAAAAAAAAAAAEAAAABQAAAAcAAAAEAAAABQAAAAMAAAAAAAAABQAAAAMAAAAAAAAAAAAAAAQAAAAAAAAAAAAAAAIAAAADAAAAAQAAAAIAAAADAAAAAwAAAAIAAAACAAAAAwAAAAIAAAADAAAAAQAAAAIAAAAEAAAAAgAAAA8AAAAAAAAAAAAAAAIAAAACAAAAAwAAAAMAAAAEAAAAAgAAAAIAAAABAAAAAgAAAAIAAAACAAAAAgAAAAIAAAADAAAAAwAAAAIAAAACAAAAAgAAAAIAAAABAAAAAgAAAAMAAAACAAAAAgAAAAEAAAAEAAAAAwAAAAMAAAABAAAAAAAAAAMAAAABAAAABgAAAAcAAAAGAAAABQAAAAoAAAACAAAAAwAAAAIAAAAFAAAAAQAAAAAAAAAAAAAABAAAAAIAAA=="}