{"recorded_at": "2024-08-06T15:00:00", "uvi": 6.57, "sw_gain": 0, "hw_gain": 11, "derived": {"min": 0, "max": 1024, "mean": 526.0917431192661, "mode": 512, "stdev": 222.6171577230159, "variance": 49558.39891267414}, "raw_readings": [512, 512, 256, 0, 768, 512, 256, 256, 0, 512, 512, 256, 256, 256, 512, 512, 256, 512, 0, 256, 1024, 512, 768, 768, 512, 1024, 768, 512, 768, 1024, 768, 0, 512, 512, 512, 0, 256, 256, 256, 256, 256, 768, 512, 768, 512, 0, 512, 512, 768, 768, 512, 768, 512, 768, 512, 512, 512, 512, 768, 512, 768, 256, 512, 768, 512, 512, 512, 768, 768, 512, 512, 768, 512, 512, 256, 512, 768, 768, 512, 512, 768, 256, 512, 768, 256, 512, 512, 768, 512, 512, 512, 768, 768, 512, 512, 512, 768, 768, 512, 512, 512, 512, 512, 768, 512, 512, 512, 512, 768], "raw_dump": "AAIAAAACAAAAAQAAAAAAAAADAAAAAgAAAAEAAAABAAAAAAAAAAIAAAACAAAAAQAAAAEAAAABAAAAAgAAAAIAAAABAAAAAgAAAAAAAAABAAAABAAAAAIAAAADAAAAAwAAAAIAAAAEAAAAAwAAAAIAAAADAAAABAAAAAMAAAAAAAAAAgAAAAIAAAACAAAAAAAAAAEAAAABAAAAAQAAAAEAAAABAAAAAwAAAAIAAAADAAAAAgAAAAAAAAACAAAAAgAAAAMAAAADAAAAAgAAAAMAAAACAAAAAwAAAAIAAAACAAAAAgAAAAIAAAADAAAAAgAAAAMAAAABAAAAAgAAAAMAAAACAAAAAgAAAAIAAAADAAAAAwAAAAIAAAACAAAAAwAAAAIAAAACAAAAAQAAAAIAAAADAAAAAwAAAAIAAAACAAAAAwAAAAEAAAACAAAAAwAAAAEAAAACAAAAAgAAAAMAAAACAAAAAgAAAAIAAAADAAAAAwAAAAIAAAACAAAAAgAAAAMAAAADAAAAAgAAAAIAAAACAAAAAgAAAAIAAAADAAAAAgAAAAIAAAACAAAAAgAAAAMAAA=="}