{"recorded_at": "2024-08-05T15:05:00", "uvi": 6.68, "sw_gain": 0, "hw_gain": 11, "derived": {"min": 0, "max": 512, "mean": 226.018018018018, "mode": 256, "stdev": 160.94437107737127, "variance": 25903.090581490582}, "raw_readings": [0, 256, 256, 0, 512, 0, 0, 256, 512, 256, 256, 0, 256, 256, 256, 256, 256, 0, 0, 0, 0, 256, 256, 256, 256, 0, 0, 0, 0, 256, 256, 256, 256, 256, 256, 256, 256, 256, 256, 256, 256, 256, 512, 256, 512, 256, 256, 256, 256, 256, 512, 256, 256, 0, 256, 256, 256, 0, 256, 0, 0, 256, 0, 256, 256, 256, 0, 256, 256, 256, 0, 512, 512, 256, 512, 256, 0, 512, 256, 256, 256, 256, 512, 256, 512, 0, 0, 256, 512, 256, 256, 512, 0, 256, 256, 512, 256, 0, 256, 256, 0, 512, 512, 256, 256, 0, 256, 256, 256, 0, 0], "raw_dump": "AAAAAAABAAAAAQAAAAAAAAACAAAAAAAAAAAAAAABAAAAAgAAAAEAAAABAAAAAAAAAAEAAAABAAAAAQAAAAEAAAABAAAAAAAAAAAAAAAAAAAAAAAAAAEAAAABAAAAAQAAAAEAAAAAAAAAAAAAAAAAAAAAAAAAAQAAAAEAAAABAAAAAQAAAAEAAAABAAAAAQAAAAEAAAABAAAAAQAAAAEAAAABAAAAAQAAAAIAAAABAAAAAgAAAAEAAAABAAAAAQAAAAEAAAABAAAAAgAAAAEAAAABAAAAAAAAAAEAAAABAAAAAQAAAAAAAAABAAAAAAAAAAAAAAABAAAAAAAAAAEAAAABAAAAAQAAAAAAAAABAAAAAQAAAAEAAAAAAAAAAgAAAAIAAAABAAAAAgAAAAEAAAAAAAAAAgAAAAEAAAABAAAAAQAAAAEAAAACAAAAAQAAAAIAAAAAAAAAAAAAAAEAAAACAAAAAQAAAAEAAAACAAAAAAAAAAEAAAABAAAAAgAAAAEAAAAAAAAAAQAAAAEAAAAAAAAAAgAAAAIAAAABAAAAAQAAAAAAAAABAAAAAQAAAAEAAAAAAAAAAAAA"}