{"recorded_at": "2024-08-05T09:20:00", "uvi": 1.65, "sw_gain": 0, "hw_gain": 11, "derived": {"min": 0, "max": 3328, "mean": 316.1212121212121, "mode": 256, "stdev": 423.0344585661993, "variance": 178958.1531343974}, "raw_readings": [512, 512, 0, 256, 256, 512, 256, 256, 256, 256, 512, 512, 256, 512, 256, 512, 0, 256, 256, 256, 256, 512, 256, 0, 512, 0, 256, 256, 256, 256, 256, 512, 256, 512, 256, 0, 256, 256, 256, 256, 512, 0, 256, 0, 512, 256, 256, 512, 256, 512, 512, 256, 256, 0, 256, 256, 256, 256, 256, 1280, 0, 0, 0, 0, 0, 256, 0, 256, 768, 512, 256, 256, 256, 0, 256, 0, 512, 256, 0, 256, 512, 0, 512, 0, 0, 256, 256, 256, 256, 256, 256, 0, 256, 256, 256, 0, 256, 1536, 1280, 256, 512, 512, 256, 3328, 0, 0, 0, 256, 0, 0, 0, 2560, 768, 512, 256, 512, 0, 0, 1024, 512, 768, 256, 0, 0, 0, 0, 0, 256, 0, 256, 0, 256], "raw_dump": "AAIAAAACAAAAAAAAAAEAAAABAAAAAgAAAAEAAAABAAAAAQAAAAEAAAACAAAAAgAAAAEAAAACAAAAAQAAAAIAAAAAAAAAAQAAAAEAAAABAAAAAQAAAAIAAAABAAAAAAAAAAIAAAAAAAAAAQAAAAEAAAABAAAAAQAAAAEAAAACAAAAAQAAAAIAAAABAAAAAAAAAAEAAAABAAAAAQAAAAEAAAACAAAAAAAAAAEAAAAAAAAAAgAAAAEAAAABAAAAAgAAAAEAAAACAAAAAgAAAAEAAAABAAAAAAAAAAEAAAABAAAAAQAAAAEAAAABAAAABQAAAAAAAAAAAAAAAAAAAAAAAAAAAAAAAQAAAAAAAAABAAAAAwAAAAIAAAABAAAAAQAAAAEAAAAAAAAAAQAAAAAAAAACAAAAAQAAAAAAAAABAAAAAgAAAAAAAAACAAAAAAAAAAAAAAABAAAAAQAAAAEAAAABAAAAAQAAAAEAAAAAAAAAAQAAAAEAAAABAAAAAAAAAAEAAAAGAAAABQAAAAEAAAACAAAAAgAAAAEAAAANAAAAAAAAAAAAAAAAAAAAAQAAAAAAAAAAAAAAAAAAAAoAAAADAAAAAgAAAAEAAAACAAAAAAAAAAAAAAAEAAAAAgAAAAMAAAABAAAAAAAAAAAAAAAAAAAAAAAAAAAAAAABAAAAAAAAAAEAAAAAAAAAAQAA"}