{"recorded_at": "2024-08-06T12:04:00", "uvi": 5.42, "sw_gain": 0, "hw_gain": 11, "derived": {"min": 0, "max": 2048, "mean": 476.6896551724138, "mode": 512, "stdev": 332.32285019483567, "variance": 110438.4767616192}, "raw_readings": [256, 256, 256, 256, 0, 256, 0, 0, 512, 512, 512, 256, 0, 0, 768, 256, 1536, 0, 512, 512, 512, 256, 256, 768, 256, 512, 512, 0, 0, 512, 768, 0, 768, 1024, 512, 768, 256, 256, 256, 1536, 512, 256, 1280, 256, 512, 512, 2048, 0, 512, 256, 768, 768, 512, 512, 768, 768, 1024, 0, 768, 256, 512, 256, 256, 512, 768, 0, 512, 256, 512, 512, 512, 512, 256, 768, 768, 256, 512, 256, 768, 256, 768, 256, 512, 0, 512, 512, 512, 512, 768, 256, 512, 256, 256, 768, 512, 512, 512, 256, 512, 0, 512, 512, 512, 512, 768, 768, 256, 512, 512, 768, 512, 512, 256, 512, 1024, 512], "raw_dump": "AAEAAAABAAAAAQAAAAEAAAAAAAAAAQAAAAAAAAAAAAAAAgAAAAIAAAACAAAAAQAAAAAAAAAAAAAAAwAAAAEAAAAGAAAAAAAAAAIAAAACAAAAAgAAAAEAAAABAAAAAwAAAAEAAAACAAAAAgAAAAAAAAAAAAAAAgAAAAMAAAAAAAAAAwAAAAQAAAACAAAAAwAAAAEAAAABAAAAAQAAAAYAAAACAAAAAQAAAAUAAAABAAAAAgAAAAIAAAAIAAAAAAAAAAIAAAABAAAAAwAAAAMAAAACAAAAAgAAAAMAAAADAAAABAAAAAAAAAADAAAAAQAAAAIAAAABAAAAAQAAAAIAAAADAAAAAAAAAAIAAAABAAAAAgAAAAIAAAACAAAAAgAAAAEAAAADAAAAAwAAAAEAAAACAAAAAQAAAAMAAAABAAAAAwAAAAEAAAACAAAAAAAAAAIAAAACAAAAAgAAAAIAAAADAAAAAQAAAAIAAAABAAAAAQAAAAMAAAACAAAAAgAAAAIAAAABAAAAAgAAAAAAAAACAAAAAgAAAAIAAAACAAAAAwAAAAMAAAABAAAAAgAAAAIAAAADAAAAAgAAAAIAAAABAAAAAgAAAAQAAAACAAA="}