{"recorded_at": "2024-08-04T13:00:00", "uvi": 3, "sw_gain": 0, "hw_gain": 11, "derived": {"min": 0, "max": 2304, "mean": 227.0188679245283, "mode": 256, "stdev": 223.83069095788025, "variance": 50100.1782146821}, "raw_readings": [256, 512, 256, 0, 768, 0, 512, 0, 0, 0, 0, 256, 0, 0, 256, 256, 256, 256, 0, 512, 0, 0, 256, 256, 256, 256, 256, 512, 0, 256, 256, 256, 0, 256, 512, 512, 0, 256, 0, 256, 512, 256, 256, 0, 0, 0, 256, 768, 512, 256, 256, 256, 512, 256, 0, 256, 0, 0, 0, 256, 256, 0, 256, 256, 256, 256, 512, 256, 256, 512, 512, 256, 512, 512, 0, 256, 0, 256, 512, 256, 256, 256, 256, 256, 512, 256, 0, 256, 256, 256, 0, 0, 256, 768, 256, 0, 256, 0, 0, 512, 256, 512, 256, 0, 256, 256, 256, 256, 0, 0, 256, 256, 256, 0, 256, 256, 256, 256, 0, 256, 0, 256, 256, 0, 256, 256, 256, 256, 0, 256, 256, 256, 512, 256, 256, 0, 256, 256, 512, 256, 256, 0, 256, 256, 768, 512, 512, 512, 512, 256, 512, 256, 256, 0, 256, 0, 0, 0, 512, 768, 512, 0, 256, 0, 0, 0, 256, 512, 0, 0, 256, 512, 256, 256, 0, 0, 256, 0, 0, 512, 0, 256, 256, 512, 0, 256, 0, 0, 512, 0, 512, 0, 256, 256, 512, 512, 0, 0, 0, 0, 0, 256, 0, 0, 256, 2304, 0, 512, 0, 1536, 0, 256, 512, 256, 768, 0, 0, 256, 256, 256, 256, 0, 512, 256, 0, 256, 512, 256, 256, 0, 0, 512, 512, 0, 512, 256, 256, 256, 0, 0, 512, 256, 0, 0, 0, 0, 512, 256, 256, 256, 256, 0, 256, 0, 256, 256, 256, 0, 256, 0, 0, 512, 512, 256, 0, 256, 512, 256, 512, 256, 0, 512, 512, 256, 256, 0, 256, 256, 0, 256, 512, 256, 0, 512, 256, 0, 512, 256, 0, 0, 256, 256, 256, 256, 256, 0, 0, 256, 256, 256, 256, 0, 0, 0, 0, 0, 0, 0, 512, 0, 256, 256, 256, 0, 256, 256, 768, 256, 256, 256, 256, 256, 512, 0, 256, 0, 256, 256, 256, 256, 256, 256, 256, 0, 256, 256, 512, 256, 0, 512, 512, 0, 0, 0, 0, 256, 0, 256, 256, 512, 256, 256, 0, 256, 256, 256, 0, 256, 0, 512, 0, 256, 0, 0, 0, 0, 0, 256, 0, 256, 256, 256, 0, 256, 0, 0, 256, 256, 256, 256, 256, 0, 0, 0, 768, 768, 512, 512, 0, 512, 0, 0, 768, 0, 512, 0, 0, 0, 256, 0, 0, 256, 256, 256, 0, 256, 512, 0, 512, 0, 256, 256, 0, 512, 256, 256, 256, 0, 256, 0, 0, 256, 512, 256, 0, 0, 512, 256, 256, 256, 0, 512, 512, 256, 0, 0, 256, 0, 256, 256, 512, 256, 256, 512, 256, 256, 256, 256, 0, 256, 0, 256, 512, 256, 512, 256, 0, 256, 512, 0, 512, 256, 256, 256, 256, 256, 256, 256, 256, 0, 0, 256, 256, 0, 0, 0, 256], "raw_dump": "AAEAAAACAAAAAQAAAAAAAAADAAAAAAAAAAIAAAAAAAAAAAAAAAAAAAAAAAAAAQAAAAAAAAAAAAAAAQAAAAEAAAABAAAAAQAAAAAAAAACAAAAAAAAAAAAAAABAAAAAQAAAAEAAAABAAAAAQAAAAIAAAAAAAAAAQAAAAEAAAABAAAAAAAAAAEAAAACAAAAAgAAAAAAAAABAAAAAAAAAAEAAAACAAAAAQAAAAEAAAAAAAAAAAAAAAAAAAABAAAAAwAAAAIAAAABAAAAAQAAAAEAAAACAAAAAQAAAAAAAAABAAAAAAAAAAAAAAAAAAAAAQAAAAEAAAAAAAAAAQAAAAEAAAABAAAAAQAAAAIAAAABAAAAAQAAAAIAAAACAAAAAQAAAAIAAAACAAAAAAAAAAEAAAAAAAAAAQAAAAIAAAABAAAAAQAAAAEAAAABAAAAAQAAAAIAAAABAAAAAAAAAAEAAAABAAAAAQAAAAAAAAAAAAAAAQAAAAMAAAABAAAAAAAAAAEAAAAAAAAAAAAAAAIAAAABAAAAAgAAAAEAAAAAAAAAAQAAAAEAAAABAAAAAQAAAAAAAAAAAAAAAQAAAAEAAAABAAAAAAAAAAEAAAABAAAAAQAAAAEAAAAAAAAAAQAAAAAAAAABAAAAAQAAAAAAAAABAAAAAQAAAAEAAAABAAAAAAAAAAEAAAABAAAAAQAAAAIAAAABAAAAAQAAAAAAAAABAAAAAQAAAAIAAAABAAAAAQAAAAAAAAABAAAAAQAAAAMAAAACAAAAAgAAAAIAAAACAAAAAQAAAAIAAAABAAAAAQAAAAAAAAABAAAAAAAAAAAAAAAAAAAAAgAAAAMAAAACAAAAAAAAAAEAAAAAAAAAAAAAAAAAAAABAAAAAgAAAAAAAAAAAAAAAQAAAAIAAAABAAAAAQAAAAAAAAAAAAAAAQAAAAAAAAAAAAAAAgAAAAAAAAABAAAAAQAAAAIAAAAAAAAAAQAAAAAAAAAAAAAAAgAAAAAAAAACAAAAAAAAAAEAAAABAAAAAgAAAAIAAAAAAAAAAAAAAAAAAAAAAAAAAAAAAAEAAAAAAAAAAAAAAAEAAAAJAAAAAAAAAAIAAAAAAAAABgAAAAAAAAABAAAAAgAAAAEAAAADAAAAAAAAAAAAAAABAAAAAQAAAAEAAAABAAAAAAAAAAIAAAABAAAAAAAAAAEAAAACAAAAAQAAAAEAAAAAAAAAAAAAAAIAAAACAAAAAAAAAAIAAAABAAAAAQAAAAEAAAAAAAAAAAAAAAIAAAABAAAAAAAAAAAAAAAAAAAAAAAAAAIAAAABAAAAAQAAAAEAAAABAAAAAAAAAAEAAAAAAAAAAQAAAAEAAAABAAAAAAAAAAEAAAAAAAAAAAAAAAIAAAACAAAAAQAAAAAAAAABAAAAAgAAAAEAAAACAAAAAQAAAAAAAAACAAAAAgAAAAEAAAABAAAAAAAAAAEAAAABAAAAAAAAAAEAAAACAAAAAQAAAAAAAAACAAAAAQAAAAAAAAACAAAAAQAAAAAAAAAAAAAAAQAAAAEAAAABAAAAAQAAAAEAAAAAAAAAAAAAAAEAAAABAAAAAQAAAAEAAAAAAAAAAAAAAAAAAAAAAAAAAAAAAAAAAAAAAAAAAgAAAAAAAAABAAAAAQAAAAEAAAAAAAAAAQAAAAEAAAADAAAAAQAAAAEAAAABAAAAAQAAAAEAAAACAAAAAAAAAAEAAAAAAAAAAQAAAAEAAAABAAAAAQAAAAEAAAABAAAAAQAAAAAAAAABAAAAAQAAAAIAAAABAAAAAAAAAAIAAAACAAAAAAAAAAAAAAAAAAAAAAAAAAEAAAAAAAAAAQAAAAEAAAACAAAAAQAAAAEAAAAAAAAAAQAAAAEAAAABAAAAAAAAAAEAAAAAAAAAAgAAAAAAAAABAAAAAAAAAAAAAAAAAAAAAAAAAAAAAAABAAAAAAAAAAEAAAABAAAAAQAAAAAAAAABAAAAAAAAAAAAAAABAAAAAQAAAAEAAAABAAAAAQAAAAAAAAAAAAAAAAAAAAMAAAADAAAAAgAAAAIAAAAAAAAAAgAAAAAAAAAAAAAAAwAAAAAAAAACAAAAAAAAAAAAAAAAAAAAAQAAAAAAAAAAAAAAAQAAAAEAAAABAAAAAAAAAAEAAAACAAAAAAAAAAIAAAAAAAAAAQAAAAEAAAAAAAAAAgAAAAEAAAABAAAAAQAAAAAAAAABAAAAAAAAAAAAAAABAAAAAgAAAAEAAAAAAAAAAAAAAAIAAAABAAAAAQAAAAEAAAAAAAAAAgAAAAIAAAABAAAAAAAAAAAAAAABAAAAAAAAAAEAAAABAAAAAgAAAAEAAAABAAAAAgAAAAEAAAABAAAAAQAAAAEAAAAAAAAAAQAAAAAAAAABAAAAAgAAAAEAAAACAAAAAQAAAAAAAAABAAAAAgAAAAAAAAACAAAAAQAAAAEAAAABAAAAAQAAAAEAAAABAAAAAQAAAAEAAAAAAAAAAAAAAAEAAAABAAAAAAAAAAAAAAAAAAAAAQAA"}